{"features": 204, "ureg": 0.030160422769662854, "ireg": 0.00011284509476173413, "weight": 12.652793074770763, "epochs": 7, "mrr": 0.2158741692615778}